Sample ID,barcode,Colony Number,Identification,Mouse ID,Tissue,Media,Mouse+Tissue
C3L_I_LB4_S201,AGAGTGACTGT,36,C3L I LB4,C3L,I,LB,C3L_I
C4L_I_TSA5_S218,AGAGTGACTGT,53,C4L I TSA5,C4L,I,TSA,C4L_I
C3L_I_LB1_S206,AATGTTACCGA,41,C3L I LB1,C3L,I,LB,C3L_I
1_1_S237,AGAGTGACTGT,72,C2R Co 1-1,C2R,Co,LB,C2R_Co
11_4_S126,AGAGTGACTGT,125,C1N C 11-4,C1N,C,LB,C1N_C
C4L_I_TSA7_S220,AATGTTACCGA,55,C4L I TSA7,C4L,I,TSA,C4L_I
C3N_CO_LB7_S198,AGAGTGACTGT,33,C3N Co LB7,C3N,CO,LB,C3N_CO
C4L_I_LB7_S205,AATGTTACCGA,40,C4L I LB7,C4L,I,LB,C4L_I
C3N_I_TSA2_S214,AGAGTGACTGT,49,C3N I TSA2,C3N,I,TSA,C3N_I
C3L_CO_LB4_S192,ACGGTTTCTAA,27,C3L Co LB4,C3L,CO,LB,C3L_CO
2_1_S242,ATTGAAACTAA,77,C2R C 2-1,C2R,C,LB,C2R_C
18_1_S158,AGAGTGACTGT,157,C1RL I 18-1,C1RL,I,LB,C1RL_I
3_2_S248,ACTGGTTCAGC,83,C2R I 3-2,C2R,I,LB,C2R_I
16_3_S150,AGAGTGACTGT,149,C1L I 16-3,C1L,I,LB,C1L_I
C4L_I_LB1_S235,AGAGTGACTGT,70,C4L I LB1,C4L,I,LB,C4L_I
C3N_CO_LB6_S197,AGAGTGACTGT,32,C3N Co LB6,C3N,CO,LB,C3N_CO
13_4_S136,ATGGAAGCTTC,135,C1R Co 13-4,C1R,Co,LB,C1R_Co
C4L_C_LB2_S224,AGAGTGACTGT,59,C4L C LB2, C4L,C,LB, C4L_C
15_2_S144,AGAGTGACTGT,143,C1L C 15-2,C1L,C,LB,C1L_C
8_2_S291,AGAGTGACTGT,108,C2RL C 8-2,C2RL,C,LB,C2RL_C
C3N_C_TSA1-2_S216,AGAGTGACTGT,51,C3N C TSA2,C3N,C,TSA,C3N_C
C4L_I_TSA2_S175,AGAGAGTCTTA,9,C4L I TSA2,C4L,I,TSA,C4L_I
C4L_I_LB3_S229,AGAGTGACTGT,64,C4L I LB3,C4L,I,LB,C4L_I
15_1_S143,AATGTTACCGA,142,C1L C 15-1,C1L,C,LB,C1L_C
12_1_S128,AGAGTGACTGT,127,C1N I 12-1,C1N,I,LB,C1N_I
17_5_S157,AGCGCAACT__,156,C1L Co 17-5,C1L,Co,LB,C1L_Co
10_1_S118,ATAGTTTCTCT,117,C1N Co 10-1,C1N,Co,LB,C1N_Co
C3N_C_TSA1-1_S209,AGAGTGACTGT,44,C3N C TSA1,C3N,C,TSA,C3N_C
2_4_S245,AAAGTCCCTAT,80,C2R C 2-4,C2R,C,LB,C2R_C
7_1_S104,AGAGTGACTGT,102,C2RL Co 7-1,C2RL,Co,LB,C2RL_Co
2_3_S244,AGAGTGACTGT,79,C2R C 2-3,C2R,C,LB,C2R_C
C3N_C_LB5_S195,AGAGTGACTGT,30,C3N C LB5,C3N,C,LB,C3N_C
1_5_S241,AAAGGAACCGG,76,C2R Co 1-5,C2R,Co,LB,C2R_Co
7_4_S107,AGAGTGACTGT,105,C2RL Co 7-4,C2RL,Co,LB,C2RL_Co
C4R_I_LB5_S232,AGAGTGACTGT,67,C4R I LB5,C4R,I,LB,C4R_I
9_5_S117,AATGTTACCGA,116,C2RL I 9-5,C2RL,I,LB,C2RL_I
4_1_S6,AGAGTGACTGT,87,C2N Co 4-1,C2N,Co,LB,C2N_Co
6_2_S100,AGAGCTTCGTA,98,C2N I 6-2,C2N,I,LB,C2N_I
C3N_CO_LB3_S185,AGAGTGACTGT,19,C3N Co LB3,C3N,CO,LB,C3N_CO
7_2_S105,AGAGTGACTGT,103,C2RL Co 7-2,C2RL,Co,LB,C2RL_Co
C3N_C_LB3_S193,AGAGTGACTGT,28,C3N C LB3,C3N,C,LB,C3N_C
12_5_S132,AGAGTGACTGT,131,C1N I 12-5,C1N,I,LB,C1N_I
8_3_S110,AGAGTGACTGT,109,C2RL C 8-3,C2RL,C,LB,C2RL_C
C3N_C_LB4_S194,AGAGTGACTGT,29,C3N C LB4,C3N,C,LB,C3N_C
3_4_S250,ACGGTGACATT,85,C2R I 3-4,C2R,I,LB,C2R_I
C3L_CO_LB5_S186,AGCGCACCTGT,20,C3L Co LB 5,C3L,CO,LB,C3L_CO
C3L_CO_TSA3_S173,AGAGTGACTGT,6,C3L Co TSA3,C3L,CO,TSA,C3L_CO
C3L_I_LB6_S203,AGAGTGACTGT,38,C3L I LB6,C3L,I,LB,C3L_I
C4N_I_LB_S182,AGAGTGACTGT,16,C4N I,C4N,I,LB,C4N_I
14_4_S141,ATA___GCGAC,140,C1R C 14-4,C1R,C,LB,C1R_C
C3L_CO_LB7_S188,AGAGTGACTGT,22,C3L Co LB 7,C3L,CO,LB,C3L_CO
3_5_S251,ACAGCTACACA,86,C2R I 3-5,C2R,I,LB,C2R_I
10_2_S119,AGAGTGACTGT,118,C1N Co 10-2,C1N,Co,LB,C1N_Co
C3N_CO_LB5-1_S178,AGAGTGACTGT,12,C3N Co LB4,C3N,CO,LB,C3N_CO
9_4_S116,AAGGAATCACA,115,C2RL I 9-4,C2RL,I,LB,C2RL_I
C3N_I_TSA1_S213,AGAGTGACTGT,48,C3N I TSA1,C3N,I,TSA,C3N_I
8_4_S111,AGAGTGACTGT,110,C2RL C 8-4,C2RL,C,LB,C2RL_C
C4N_CO_LB_S181,AGAGTGACTGT,15,C4N Co LB,C4N,CO,LB,C4N_CO
7_3_S106,AGAGTGACTGT,104,C2RL Co 7-3,C2RL,Co,LB,C2RL_Co
16_4_S151,AGAGAGTCTTA,150,C1L I 16-4,C1L,I,LB,C1L_I
C3N_I_LB2_S222,AGAGTGACTGT,57,C3N I LB2,C3N,I,LB,C3N_I
C3L_CO_TSA1_S7,AGAGTGACTGT,4,C3L Co TSA1 ,C3L,CO,TSA,C3L_CO
9_3_S115,AGAGTGACTGT,114,C2RL I 9-3,C2RL,I,LB,C2RL_I
C3L_I_LB5_S202,AGAGTGACTGT,37,C3L I LB5,C3L,I,LB,C3L_I
17_3_S155,AAAGTGACTTT,154,C1L Co 17-3,C1L,Co,LB,C1L_Co
15_5_S147,AATGTTACCGA,146,C1L C 15-5,C1L,C,LB,C1L_C
11_5_S127,AGAGTGACTGT,126,C1N C 11-5,C1N,C,LB,C1N_C
C4L_C_LB1_S223,AGAGTGACTGT,58,C4L C LB1,C4L,C,LB,C4L_C
17_4_S156,AATGTTACCGA,155,C1L Co 17-4,C1L,Co,LB,C1L_Co
C3L_I_LB3_S208,AGAGTGACTGT,43,C3L I LB3,C3L,I,LB,C3L_I
14_5_S142,AGAGTGACTGT,141,C1R C 14-5,C1R,C,LB,C1R_C
C4R_I_LB3_S227,AGAGTGACTGT,62,C4R I LB3,C4R,I,LB,C4R_I
C3N_CO_TSA2_S211,AGAGTGACTGT,46,C3N Co TSA2,C3N,CO,TSA,C3N_CO
4_5_S255,AGAGAGTCTTA,91,C2N Co 4-5,C2N,Co,LB,C2N_Co
14_2_S139,AGAGTGACTGT,138,C1R C 14-2,C1R,C,LB,C1R_C
7_5_S108,AGAGTGACTGT,106,C2RL Co 7-5,C2RL,Co,LB,C2RL_Co
5_5_S5,AGAGTGACTGT,96,C2N C 5-5,C2N,C,LB,C2N_C
6_3_S101,ATCGATACTGT,99,C2N I 6-3,C2N,I,LB,C2N_I
C4L_I_TSA4_S217,AATGTTACCGA,25,C3L Co LB8,C4L,I,TSA,C4L_I
12_3_S130,AGAGTGACTGT,129,C1N I 12-3,C1N,I,LB,C1N_I
C4L_I_MAC1_S287,AGAGTGACTGT,2,C4L I Mac1,C4L,I,MAC,C4L_I
13_5_S137,AACGCCACAAA,136,C1R Co 13-5,C1R,Co,LB,C1R_Co
14_1_S138,AGAGTGACTGT,137,C1R C 14-1,C1R,C,LB,C1R_C
17_1_S153,AGTTGTACAGC,152,C1L Co 17-1,C1L,Co,LB,C1L_Co
14_3_S140,AGAGTGACTGT,139,C1R C 14-3,C1R,C,LB,C1R_C
4_2_S252,AATGCAACCGT,88,C2N Co 4-2,C2N,Co,LB,C2N_Co
C4L_I_TSA3_S176,AGAGTGACTGT,10,C4L I TSA3,C4L,I,TSA,C4L_I
15_4_S146,AGAGAGTCTTA,145,C1L C 15-4,C1L,C,LB,C1L_C
8_1_S109,AGAGTGACTGT,107,C2RL C 8-1,C2RL,C,LB,C2RL_C
C4R_C_LB_S221,AGAGAGTCTTA,56,C4R C LB,C4R,C,LB,C4R_C
2_5_S246,AGAGTGACTGT,81,C2R C 2-5,C2R,C,LB,C2R_C
1_4_S240,AGAGTGACTGT,75,C2R Co 1-4,C2R,Co,LB,C2R_Co
C4L_I_TSA6_S219,AGAGTGACTGT,54,C4L I TSA6,C4L,I,TSA,C4L_I
10_3_S121,AATGTTACCGA,119,C1N Co 10-3,C1N,Co,LB,C1N_Co
3_3_S249,AGAGTGACTGT,84,C2R I 3-3,C2R,I,LB,C2R_I
C4R_I_LB7_S234,AAAGTCCCAGA,69,C4R I LB7,C4R,I,LB,C4R_I
12_4_S131,AGAGTGACTGT,130,C1N I 12-4,C1N,I,LB,C1N_I
C4R_I_LB2-1_S225,ATAGTGACCAC,61,C4R I LB2,C4R,I,LB,C4R_I
10_4_S122,AGAGTGACTGT,120,C1N Co 10-4,C1N,Co,LB,C1N_Co
12_2_S129,AATGTTACCGA,128,C1N I 12-2,C1N,I,LB,C1N_I
C4R_I_TSA2_S177,AGAGAGTCTTA,11,C4R I TSA2,C4L,I,TSA,C4L_I
C4L_I_LB6_S204,AGAGTGACTGT,39,C4L I LB6,C4L,I,LB,C4L_I
C4R_I_LB6_S233,AATGTTACCGA,68,C4R I LB6,C4R,I,LB,C4R_I
C3N_C_LB2_S200,AGAGTGACTGT,35,C3N C LB2,C3N,C,LB,C3N_C
4_3_S253,AGAGTGACTGT,89,C2N Co 4-3,C2N,Co,LB,C2N_Co
C4L_I_LB5_S231,AAGGATACGGT,66,C4L I LB5,C4L,I,LB,C4L_I
C3N_CO_TSA1_S212,AGAGTGACTGT,47,C3N Co TSA1,C3N,CO,TSA,C3N_CO
C3N_CO_LB2_S184,AGAGTGACTGT,18,C3N Co LB2,C3N,CO,LB,C3N_CO
1_3_S239,AGAGTGACTGT,74,C2R Co 1-3,C2R,Co,LB,C2R_Co
C3L_CO_LB6_S187,AGAGTGACTGT,21,C3L Co LB 6,C3L,CO,LB,C3L_CO
5_4_S98,AGAGTGACTGT,95,C2N C 5-4,C2N,C,LB,C2N_C
16_5_S152,AGAGTGACTGT,151,C1L I 16-5,C1L,I,LB,C1L_I
2_2_S243,AGAGTGACTGT,78,C2R C 2-2,C2R,C,LB,C2R_C
C4R_I_LB4-2_S230,AGAGTGACTGT,65,C4L I LB4,C4L,I,LB,C4L_I
15_3_S145,AGAGAGTCTTA,144,C1L C 15-3,C1L,C,LB,C1L_C
16_1_S148,AGAGTGACTGT,147,C1L I 16-1,C1L,I,LB,C1L_I
C4R_I_LB4-1_S228,ACAGATGCGAC,63,C4R I LB4,C4R,I,LB,C4R_I
10_5_S123,AGAGTGACTGT,121,C1N Co 10-5,C1N,Co,LB,C1N_Co
C3L_I_LB2_S207,ATCGGTTCTCA,42,C3L I LB2,C3L,I,LB,C3L_I
C3L_CO_MAC1_S12,AACGTGCCGGT,1,C3L Co Mac 1,C3L,CO,MAC,C3L_CO
C4L_I_TSA1_S8,AGAGTGACTGT,8,C4L I TSA1,C4L,I,TSA,C4L_I
C4L_I_TSA1_S8,AGAGTGACTGT,52,C4L I TSA1,C4L,I,TSA,C4L_I
C4L_I_MAC2_S171,AGAGTGACTGT,3,C4L I Mac2,C4L,I,MAC,C4L_I
9_2_S114,AGGGCTGCGAA,113,C2RL I 9-2,C2RL,I,LB,C2RL_I
C3N_CO_LB5-2_S179,AGAGTGACTGT,13,C3N Co LB5,C3N,CO,LB,C3N_CO
3_1_S247,AGAGTGACTGT,82,C2R I 3-1,C2R,I,LB,C2R_I
C3L_CO_LB2_S190,AGAGTGACTGT,24,C3L Co LB1,C3L,CO,LB,C3L_CO
C3L_CO_LB8_S189,AGCGCACCTGT,23,C3L Co LB 8,C3L,CO,LB,C3L_CO
5_2_S96,AGAGAGTCTTA,93,C2N C 5-2,C2N,C,LB,C2N_C
C4R_I_TSA1_S215,AGAGTGACTGT,50,C4R I TSA1,C4R,I,TSA,C4R_I
11_2_S125,AGAGTGACTGT,123,C1N C 11-2,C1N,C,LB,C1N_C
C4R_I_LB1_S226,AGAGTGACTGT,60,C4R I LB1,C4R,I,LB,C4R_I
6_1_S99,ATTGTAACGCT,97,C2N I 6-1,C2N,I,LB,C2N_I
5_3_S97,AAGGCTTCGAG,94,C2N C 5-3,C2N,C,LB,C2N_C
C3R_C_LB_S180,AATGTTACCGA,14,C3R C LB,C3R,C,LB,C3R_C
C3N_CO_LB1_S183,ATAGTGACCAC,17,C3N Co LB1,C3N,CO,LB,C3N_CO
C4R_I_LB2-2_S236,AGAGTGACTGT,71,C4L I LB2,C4L,I,LB,C4L_I
17_2_S154,ACGGTTTCTAA,153,C1L Co 17-2,C1L,Co,LB,C1L_Co
13_2_S134,AGAGTGACTGT,133,C1R Co 13-2,C1R,Co,LB,C1R_Co
16_2_S149,AGAGTGACTGT,148,C1L I 16-2,C1L,I,LB,C1L_I
C4L_S178,AATGTTACCGA,300,C4L I LB,C4L,I,LB,C4L_I
